{
  "palos": [
    {
      "id": 1,
      "name": "oros"
    },
    {
      "id": 2,
      "name": "copas"
    },
    {
      "id": 3,
      "name": "espadas"
    },
    {
      "id": 4,
      "name": "bastos"
    }
  ],
  "naipes": [
    {
      "id": 1,
      "palo": "oros",
      "carta": "1",
      "lugar": "jugador3"
    },
    {
      "id": 2,
      "palo": "oros",
      "carta": "2",
      "lugar": "jugador2"
    },
    {
      "id": 3,
      "palo": "oros",
      "carta": "3",
      "lugar": "jugador2"
    },
    {
      "id": 4,
      "palo": "oros",
      "carta": "4",
      "lugar": "jugador1"
    },
    {
      "id": 5,
      "palo": "oros",
      "carta": "5",
      "lugar": "jugador1"
    },
    {
      "id": 6,
      "palo": "oros",
      "carta": "6",
      "lugar": "jugador1"
    },
    {
      "id": 7,
      "palo": "oros",
      "carta": "7",
      "lugar": "jugador4"
    },
    {
      "id": 8,
      "palo": "oros",
      "carta": "10",
      "lugar": "jugador3"
    },
    {
      "id": 9,
      "palo": "oros",
      "carta": "11",
      "lugar": "jugador1"
    },
    {
      "id": 10,
      "palo": "oros",
      "carta": "12",
      "lugar": "jugador1"
    },
    {
      "id": 11,
      "palo": "copas",
      "carta": "1",
      "lugar": "jugador1"
    },
    {
      "id": 12,
      "palo": "copas",
      "carta": "2",
      "lugar": "jugador3"
    },
    {
      "id": 13,
      "palo": "copas",
      "carta": "3",
      "lugar": "Jug1"
    },
    {
      "id": 14,
      "palo": "copas",
      "carta": "4",
      "lugar": "jugador1"
    },
    {
      "id": 15,
      "palo": "copas",
      "carta": "5",
      "lugar": "jugador2"
    },
    {
      "id": 16,
      "palo": "copas",
      "carta": "6",
      "lugar": "jugador1"
    },
    {
      "id": 17,
      "palo": "copas",
      "carta": "7",
      "lugar": "Jug1"
    },
    {
      "id": 18,
      "palo": "copas",
      "carta": "10",
      "lugar": "jugador1"
    },
    {
      "id": 19,
      "palo": "copas",
      "carta": "11",
      "lugar": "jugador2"
    },
    {
      "id": 20,
      "palo": "copas",
      "carta": "12",
      "lugar": "jugador1"
    },
    {
      "id": 21,
      "palo": "espadas",
      "carta": "1",
      "lugar": "jugador1"
    },
    {
      "id": 22,
      "palo": "espadas",
      "carta": "2",
      "lugar": "Jug1"
    },
    {
      "id": 23,
      "palo": "espadas",
      "carta": "3",
      "lugar": "jugador1"
    },
    {
      "id": 24,
      "palo": "espadas",
      "carta": "4",
      "lugar": "Jug1"
    },
    {
      "id": 25,
      "palo": "espadas",
      "carta": "5",
      "lugar": "jugador4"
    },
    {
      "id": 26,
      "palo": "espadas",
      "carta": "6",
      "lugar": "jugador2"
    },
    {
      "id": 27,
      "palo": "espadas",
      "carta": "7",
      "lugar": "jugador1"
    },
    {
      "id": 28,
      "palo": "espadas",
      "carta": "10",
      "lugar": "jugador1"
    },
    {
      "id": 29,
      "palo": "espadas",
      "carta": "11",
      "lugar": "jugador1"
    },
    {
      "id": 30,
      "palo": "espadas",
      "carta": "12",
      "lugar": "jugador1"
    },
    {
      "id": 31,
      "palo": "bastos",
      "carta": "1",
      "lugar": "jugador3"
    },
    {
      "id": 32,
      "palo": "bastos",
      "carta": "2",
      "lugar": "jugador1"
    },
    {
      "id": 33,
      "palo": "bastos",
      "carta": "3",
      "lugar": "jugador1"
    },
    {
      "id": 34,
      "palo": "bastos",
      "carta": "4",
      "lugar": "jugador1"
    },
    {
      "id": 35,
      "palo": "bastos",
      "carta": "5",
      "lugar": "Jug1"
    },
    {
      "id": 36,
      "palo": "bastos",
      "carta": "6",
      "lugar": "jugador4"
    },
    {
      "id": 37,
      "palo": "bastos",
      "carta": "7",
      "lugar": "jugador1"
    },
    {
      "id": 38,
      "palo": "bastos",
      "carta": "10",
      "lugar": "jugador2"
    },
    {
      "id": 39,
      "palo": "bastos",
      "carta": "11",
      "lugar": "Jug1"
    },
    {
      "id": 40,
      "palo": "bastos",
      "carta": "12",
      "lugar": "jugador4"
    }
  ],
  "estados": [
    {
      "id": 1,
      "name": "jugador1"
    },
    {
      "id": 2,
      "name": "jugador2"
    },
    {
      "id": 3,
      "name": "jugador3"
    },
    {
      "id": 4,
      "name": "jugador4"
    },
    {
      "id": 5,
      "name": "mazo"
    },
    {
      "id": 6,
      "name": "descartada"
    }
  ]
}